[
  {
    "pk": 28,
    "model": "movies.genre",
    "fields": {
      "name": "액션"
    }
  },
  {
    "pk": 12,
    "model": "movies.genre",
    "fields": {
      "name": "모험"
    }
  },
  {
    "pk": 16,
    "model": "movies.genre",
    "fields": {
      "name": "애니메이션"
    }
  },
  {
    "pk": 35,
    "model": "movies.genre",
    "fields": {
      "name": "코미디"
    }
  },
  {
    "pk": 80,
    "model": "movies.genre",
    "fields": {
      "name": "범죄"
    }
  },
  {
    "pk": 99,
    "model": "movies.genre",
    "fields": {
      "name": "다큐멘터리"
    }
  },
  {
    "pk": 18,
    "model": "movies.genre",
    "fields": {
      "name": "드라마"
    }
  },
  {
    "pk": 10751,
    "model": "movies.genre",
    "fields": {
      "name": "가족"
    }
  },
  {
    "pk": 14,
    "model": "movies.genre",
    "fields": {
      "name": "판타지"
    }
  },
  {
    "pk": 36,
    "model": "movies.genre",
    "fields": {
      "name": "역사"
    }
  },
  {
    "pk": 27,
    "model": "movies.genre",
    "fields": {
      "name": "공포"
    }
  },
  {
    "pk": 10402,
    "model": "movies.genre",
    "fields": {
      "name": "음악"
    }
  },
  {
    "pk": 9648,
    "model": "movies.genre",
    "fields": {
      "name": "미스터리"
    }
  },
  {
    "pk": 10749,
    "model": "movies.genre",
    "fields": {
      "name": "로맨스"
    }
  },
  {
    "pk": 878,
    "model": "movies.genre",
    "fields": {
      "name": "SF"
    }
  },
  {
    "pk": 10770,
    "model": "movies.genre",
    "fields": {
      "name": "TV 영화"
    }
  },
  {
    "pk": 53,
    "model": "movies.genre",
    "fields": {
      "name": "스릴러"
    }
  },
  {
    "pk": 10752,
    "model": "movies.genre",
    "fields": {
      "name": "전쟁"
    }
  },
  {
    "pk": 37,
    "model": "movies.genre",
    "fields": {
      "name": "서부"
    }
  },
  {
    "pk": 18918,
    "model": "movies.actor",
    "fields": {
      "name": "Dwayne Johnson"
    }
  },
  {
    "pk": 83860,
    "model": "movies.actor",
    "fields": {
      "name": "Aldis Hodge"
    }
  },
  {
    "pk": 1253353,
    "model": "movies.actor",
    "fields": {
      "name": "Noah Centineo"
    }
  },
  {
    "pk": 164945,
    "model": "movies.actor",
    "fields": {
      "name": "Sarah Shahi"
    }
  },
  {
    "pk": 2042690,
    "model": "movies.actor",
    "fields": {
      "name": "Quintessa Swindell"
    }
  },
  {
    "pk": 59521,
    "model": "movies.director",
    "fields": {
      "name": "Jaume Collet-Serra"
    }
  },
  {
    "pk": 436270,
    "model": "movies.movie",
    "fields": {
      "popularity": 6202.882,
      "overview": "기원전 가장 번성하고 위대한 고대 국가였지만 현재는 국제 군사 조직 인터갱의 독재 국가로 전락한 칸다크. 인터갱의 눈을 피해 고대 유물을 찾던 '아드리아나'는 우연히 5000년 동안 잠들어 있던 '블랙 아담'을 깨우게 된다.  엄청난 괴력과 스피드, 방탄 능력과 자유자재의 고공비행, 번개를 쏘는 능력까지. 온몸이 무기인 '블랙 아담'은 자신의 앞을 막아서는 인터갱들을 모조리 쓸어버리고 칸다크 국민들은 이에 열광한다. 한편, 그의 폭주를 막기 위해 호크맨, 닥터 페이트, 아톰 스매셔, 사이클론으로 구성된 히어로 군단 '저스티스 소사이어티'가 칸다크에 나타나는데...",
      "poster_path": "https://image.tmdb.org/t/p/original/mEdMHGy1FfCUc7PskFO0tibm8jp.jpg",
      "release_date": "2022-10-19",
      "title": "블랙 아담",
      "vote_average": 6.9,
      "genres": [
        28,
        14,
        878
      ],
      "actors": [
        18918,
        83860,
        1253353,
        164945,
        2042690
      ],
      "director": 59521
    }
  },
  {
    "pk": 1083010,
    "model": "movies.actor",
    "fields": {
      "name": "Letitia Wright"
    }
  },
  {
    "pk": 1267329,
    "model": "movies.actor",
    "fields": {
      "name": "Lupita Nyong'o"
    }
  },
  {
    "pk": 82104,
    "model": "movies.actor",
    "fields": {
      "name": "Danai Gurira"
    }
  },
  {
    "pk": 1447932,
    "model": "movies.actor",
    "fields": {
      "name": "Winston Duke"
    }
  },
  {
    "pk": 2133996,
    "model": "movies.actor",
    "fields": {
      "name": "Dominique Thorne"
    }
  },
  {
    "pk": 1056121,
    "model": "movies.director",
    "fields": {
      "name": "Ryan Coogler"
    }
  },
  {
    "pk": 505642,
    "model": "movies.movie",
    "fields": {
      "popularity": 3492.065,
      "overview": "국왕이자 블랙 팬서인 티찰라의 죽음 이후 수많은 강대국으로부터 위협을 받게 된 와칸다. 라몬다, 슈리 그리고 나키아, 오코예, 음바쿠는 각자 사명감을 갖고 와칸다를 지키기 위해 외로운 싸움을 이어간다. 한편, 비브라늄의 패권을 둘러싼 미스터리한 음모와 함께 깊은 해저에서 모습을 드러낸 최강의 적 네이머와 탈로칸의 전사들은 와칸다를 향해 무차별 공격을 퍼붓기 시작하는데…",
      "poster_path": "https://image.tmdb.org/t/p/original/3PCRWLeqp5y20k6XVzcamZR3BWF.jpg",
      "release_date": "2022-11-09",
      "title": "블랙 팬서: 와칸다 포에버",
      "vote_average": 7.5,
      "genres": [
        28,
        12,
        878
      ],
      "actors": [
        1083010,
        1267329,
        82104,
        1447932,
        2133996
      ],
      "director": 1056121
    }
  },
  {
    "pk": 1396124,
    "model": "movies.actor",
    "fields": {
      "name": "Sosie Bacon"
    }
  },
  {
    "pk": 59219,
    "model": "movies.actor",
    "fields": {
      "name": "Kyle Gallner"
    }
  },
  {
    "pk": 145245,
    "model": "movies.actor",
    "fields": {
      "name": "Caitlin Stasey"
    }
  },
  {
    "pk": 198847,
    "model": "movies.actor",
    "fields": {
      "name": "Jessie T. Usher"
    }
  },
  {
    "pk": 53493,
    "model": "movies.actor",
    "fields": {
      "name": "Kal Penn"
    }
  },
  {
    "pk": 2218465,
    "model": "movies.director",
    "fields": {
      "name": "Parker Finn"
    }
  },
  {
    "pk": 882598,
    "model": "movies.movie",
    "fields": {
      "popularity": 3910.444,
      "overview": "기괴한 미소를 지으며 자신의 눈 앞에서 목숨을 끊는 환자를 목격한 정신과 의사 ‘로즈’. 그날 이후로 ‘로즈’의 일상에 설명할 수 없는 끔찍한 일들이 잇따라 발생한다. 일상을 덮친 공포에 발버둥치던 ‘로즈’는 이전에도 자신과 같은 일을 겪은 사람들이 있었고 그들 모두 끔찍한 죽음을 피할 수 없었다는 사실을 알게 된다. 시시각각 다가오는 죽음에서 벗어나기 위해 사투를 벌이던 로즈는 잊고 싶던 과거와 마주하게 되는데…",
      "poster_path": "https://image.tmdb.org/t/p/original/8ncuVFt4e0M2NTTsoPtbxfWN5dO.jpg",
      "release_date": "2022-09-23",
      "title": "스마일",
      "vote_average": 6.8,
      "genres": [
        27,
        9648,
        53
      ],
      "actors": [
        1396124,
        59219,
        145245,
        198847,
        53493
      ],
      "director": 2218465
    }
  },
  {
    "pk": 1882502,
    "model": "movies.actor",
    "fields": {
      "name": "Lauren LaVera"
    }
  },
  {
    "pk": 1880016,
    "model": "movies.actor",
    "fields": {
      "name": "David Howard Thornton"
    }
  },
  {
    "pk": 2787720,
    "model": "movies.actor",
    "fields": {
      "name": "Elliott Fullam"
    }
  },
  {
    "pk": 3383606,
    "model": "movies.actor",
    "fields": {
      "name": "Sarah Voigt"
    }
  },
  {
    "pk": 3678959,
    "model": "movies.actor",
    "fields": {
      "name": "Kailey Hyman"
    }
  },
  {
    "pk": 933176,
    "model": "movies.director",
    "fields": {
      "name": "Damien Leone"
    }
  },
  {
    "pk": 663712,
    "model": "movies.movie",
    "fields": {
      "popularity": 2015.172,
      "overview": "",
      "poster_path": "https://image.tmdb.org/t/p/original/b6IRp6Pl2Fsq37r9jFhGoLtaqHm.jpg",
      "release_date": "2022-10-06",
      "title": "테리파이어 2",
      "vote_average": 7,
      "genres": [
        27,
        53
      ],
      "actors": [
        1882502,
        1880016,
        2787720,
        3383606,
        3678959
      ],
      "director": 933176
    }
  },
  {
    "pk": 1164823,
    "model": "movies.actor",
    "fields": {
      "name": "Óscar Barberán"
    }
  },
  {
    "pk": 1021607,
    "model": "movies.actor",
    "fields": {
      "name": "Luis Posada"
    }
  },
  {
    "pk": 114463,
    "model": "movies.actor",
    "fields": {
      "name": "Michelle Jenner"
    }
  },
  {
    "pk": 3641083,
    "model": "movies.actor",
    "fields": {
      "name": "Anuska Alborg"
    }
  },
  {
    "pk": 114460,
    "model": "movies.actor",
    "fields": {
      "name": "Alexandra Jiménez"
    }
  },
  {
    "pk": 1074721,
    "model": "movies.director",
    "fields": {
      "name": "Enrique Gato"
    }
  },
  {
    "pk": 676701,
    "model": "movies.movie",
    "fields": {
      "popularity": 1833.372,
      "overview": "",
      "poster_path": "https://image.tmdb.org/t/p/original/8ZJjRunZbkMSXcRHiqAdQiecXYz.jpg",
      "release_date": "2022-08-24",
      "title": "Tadeo Jones 3: La Tabla Esmeralda",
      "vote_average": 7.9,
      "genres": [
        12,
        16,
        35,
        10751,
        14
      ],
      "actors": [
        1164823,
        1021607,
        114463,
        3641083,
        114460
      ],
      "director": 1074721
    }
  },
  {
    "pk": 2461,
    "model": "movies.actor",
    "fields": {
      "name": "Mel Gibson"
    }
  },
  {
    "pk": 6863,
    "model": "movies.actor",
    "fields": {
      "name": "Kevin Dillon"
    }
  },
  {
    "pk": 5528,
    "model": "movies.actor",
    "fields": {
      "name": "William Moseley"
    }
  },
  {
    "pk": 19197,
    "model": "movies.actor",
    "fields": {
      "name": "John Robinson"
    }
  },
  {
    "pk": 34627,
    "model": "movies.actor",
    "fields": {
      "name": "Nadia Farès"
    }
  },
  {
    "pk": 1564258,
    "model": "movies.director",
    "fields": {
      "name": "Romuald Boulanger"
    }
  },
  {
    "pk": 979924,
    "model": "movies.movie",
    "fields": {
      "popularity": 1471.212,
      "overview": "진행자가 전화를 받는데, 이 전화에서 정체를 알 수 없는 사람이  쇼맨의 온 가족을 죽이겠다고 협박합니다. 사랑하는 사람들을 구하기 위해  라디오 진행자는 생존 게임을 해야 할 것이고  이길 수 있는 유일한 방법은 범인의 신원을 알아내는 것입니다.",
      "poster_path": "https://image.tmdb.org/t/p/original/jVmWI8PqoVTHCnrLYAcyrclzeY0.jpg",
      "release_date": "2022-10-31",
      "title": "온 더 라인",
      "vote_average": 6.4,
      "genres": [
        53
      ],
      "actors": [
        2461,
        6863,
        5528,
        19197,
        34627
      ],
      "director": 1564258
    }
  },
  {
    "pk": 3631223,
    "model": "movies.actor",
    "fields": {
      "name": "Felix Kammerer"
    }
  },
  {
    "pk": 1111158,
    "model": "movies.actor",
    "fields": {
      "name": "Albrecht Schuch"
    }
  },
  {
    "pk": 1820948,
    "model": "movies.actor",
    "fields": {
      "name": "Aaron Hilmer"
    }
  },
  {
    "pk": 212930,
    "model": "movies.actor",
    "fields": {
      "name": "Edin Hasanović"
    }
  },
  {
    "pk": 6086,
    "model": "movies.actor",
    "fields": {
      "name": "Devid Striesow"
    }
  },
  {
    "pk": 221522,
    "model": "movies.director",
    "fields": {
      "name": "Edward Berger"
    }
  },
  {
    "pk": 49046,
    "model": "movies.movie",
    "fields": {
      "popularity": 1183.135,
      "overview": "제1차 세계대전 당시 서부전선에서 싸운 독일군 청년의 강렬한 이야기.  젊은 사병과 전우들은 참호 속에서 사투를 벌이며,  처음 전쟁에 대해 느꼈던 환상과 도취감이  어떻게 절망과 공포로 변해가는지를 생생하게 체험한다.",
      "poster_path": "https://image.tmdb.org/t/p/original/sNsmI4vQ1A6VG52dquTFx8oNTWk.jpg",
      "release_date": "2022-10-07",
      "title": "서부 전선 이상 없다",
      "vote_average": 7.8,
      "genres": [
        10752,
        18,
        28
      ],
      "actors": [
        3631223,
        1111158,
        1820948,
        212930,
        6086
      ],
      "director": 221522
    }
  },
  {
    "pk": 119592,
    "model": "movies.actor",
    "fields": {
      "name": "Aubrey Plaza"
    }
  },
  {
    "pk": 51995,
    "model": "movies.actor",
    "fields": {
      "name": "Theo Rossi"
    }
  },
  {
    "pk": 25382,
    "model": "movies.actor",
    "fields": {
      "name": "Megalyn Echikunwoke"
    }
  },
  {
    "pk": 11150,
    "model": "movies.actor",
    "fields": {
      "name": "Gina Gershon"
    }
  },
  {
    "pk": 1807178,
    "model": "movies.actor",
    "fields": {
      "name": "Jonathan Avigdori"
    }
  },
  {
    "pk": 1099792,
    "model": "movies.director",
    "fields": {
      "name": "John Patton Ford"
    }
  },
  {
    "pk": 862965,
    "model": "movies.movie",
    "fields": {
      "popularity": 1485.04,
      "overview": "",
      "poster_path": "https://image.tmdb.org/t/p/original/iZvzMpREGiqDQ5eYbx8z70qPgst.jpg",
      "release_date": "2022-08-12",
      "title": "에밀리 더 크리미널",
      "vote_average": 6.8,
      "genres": [
        80,
        18,
        9648,
        53
      ],
      "actors": [
        119592,
        51995,
        25382,
        11150,
        1807178
      ],
      "director": 1099792
    }
  },
  {
    "pk": 54633,
    "model": "movies.actor",
    "fields": {
      "name": "Grace Caroline Currey"
    }
  },
  {
    "pk": 1279279,
    "model": "movies.actor",
    "fields": {
      "name": "Virginia Gardner"
    }
  },
  {
    "pk": 47296,
    "model": "movies.actor",
    "fields": {
      "name": "Jeffrey Dean Morgan"
    }
  },
  {
    "pk": 2174509,
    "model": "movies.actor",
    "fields": {
      "name": "Mason Gooding"
    }
  },
  {
    "pk": 945542,
    "model": "movies.actor",
    "fields": {
      "name": "Jasper Cole"
    }
  },
  {
    "pk": 90812,
    "model": "movies.director",
    "fields": {
      "name": "Scott Mann"
    }
  },
  {
    "pk": 985939,
    "model": "movies.movie",
    "fields": {
      "popularity": 1099.204,
      "overview": "내려갈 길이 끊겨버린 600미터 TV 타워 위에서  두 명의 친구가 살아남기 위해 펼치는 사상 최초의 고공 서바이벌 여기에서",
      "poster_path": "https://image.tmdb.org/t/p/original/8huJowZK1t7MNLEKo3dgLAxmiLW.jpg",
      "release_date": "2022-08-11",
      "title": "폴: 600미터",
      "vote_average": 7.3,
      "genres": [
        53
      ],
      "actors": [
        54633,
        1279279,
        47296,
        2174509,
        945542
      ],
      "director": 90812
    }
  },
  {
    "pk": 49265,
    "model": "movies.actor",
    "fields": {
      "name": "Lindsay Lohan"
    }
  },
  {
    "pk": 232501,
    "model": "movies.actor",
    "fields": {
      "name": "Chord Overstreet"
    }
  },
  {
    "pk": 1622199,
    "model": "movies.actor",
    "fields": {
      "name": "George Young"
    }
  },
  {
    "pk": 138887,
    "model": "movies.actor",
    "fields": {
      "name": "Jack Wagner"
    }
  },
  {
    "pk": 1978944,
    "model": "movies.actor",
    "fields": {
      "name": "Olivia Perez"
    }
  },
  {
    "pk": 62079,
    "model": "movies.director",
    "fields": {
      "name": "Janeen Damian"
    }
  },
  {
    "pk": 833097,
    "model": "movies.movie",
    "fields": {
      "popularity": 1060.523,
      "overview": "스키 여행 중 사고로 기억을 잃은 철없는 상속녀. 아내와 사별 후 힘든 상황에 놓인 남자와 딸의 포근한 보살핌 속에 크리스마스를 보낸다.",
      "poster_path": "https://image.tmdb.org/t/p/original/6GkphwL9s6dZb3DoQS9OQ4LcPgY.jpg",
      "release_date": "2022-11-10",
      "title": "폴링 포 크리스마스",
      "vote_average": 6.8,
      "genres": [
        10749,
        35
      ],
      "actors": [
        49265,
        232501,
        1622199,
        138887,
        1978944
      ],
      "director": 62079
    }
  },
  {
    "pk": 77517,
    "model": "movies.actor",
    "fields": {
      "name": "Isabelle Fuhrman"
    }
  },
  {
    "pk": 12041,
    "model": "movies.actor",
    "fields": {
      "name": "Julia Stiles"
    }
  },
  {
    "pk": 58014,
    "model": "movies.actor",
    "fields": {
      "name": "Rossif Sutherland"
    }
  },
  {
    "pk": 2563029,
    "model": "movies.actor",
    "fields": {
      "name": "Matthew Finlan"
    }
  },
  {
    "pk": 60719,
    "model": "movies.actor",
    "fields": {
      "name": "Hiro Kanagawa"
    }
  },
  {
    "pk": 62768,
    "model": "movies.director",
    "fields": {
      "name": "William Brent Bell"
    }
  },
  {
    "pk": 760161,
    "model": "movies.movie",
    "fields": {
      "popularity": 984.379,
      "overview": "엄청난 비밀을 숨긴 사이코패스가 에스토니아의 정신병동을 탈출, 부유한 가족의 실종된 딸 ‘에스더’로 사칭해 미국에 온다. 재회의 기쁨도 잠시, 어딘지 낯선 딸의 정체를 눈치챈 엄마는 가족을 지키기 위해 에스더와 맞서는데...  누구도 상상 못한 충격적인 반전이 기다린다!",
      "poster_path": "https://image.tmdb.org/t/p/original/vKIhsEVEtLTwTkmLSDNi230Zr3Q.jpg",
      "release_date": "2022-07-27",
      "title": "오펀: 천사의 탄생",
      "vote_average": 6.8,
      "genres": [
        27,
        53
      ],
      "actors": [
        77517,
        12041,
        58014,
        2563029,
        60719
      ],
      "director": 62768
    }
  },
  {
    "pk": 1817397,
    "model": "movies.actor",
    "fields": {
      "name": "Sydney Craven"
    }
  },
  {
    "pk": 2738561,
    "model": "movies.actor",
    "fields": {
      "name": "Imran Adams"
    }
  },
  {
    "pk": 3425159,
    "model": "movies.actor",
    "fields": {
      "name": "Jarreau Benjamin"
    }
  },
  {
    "pk": 3326872,
    "model": "movies.actor",
    "fields": {
      "name": "Matt Barkley"
    }
  },
  {
    "pk": 1070855,
    "model": "movies.actor",
    "fields": {
      "name": "Peter Brooke"
    }
  },
  {
    "pk": 66212,
    "model": "movies.director",
    "fields": {
      "name": "Timo Vuorensola"
    }
  },
  {
    "pk": 717728,
    "model": "movies.movie",
    "fields": {
      "popularity": 1287.496,
      "overview": "",
      "poster_path": "https://image.tmdb.org/t/p/original/qVVegwPsW6n9unBtLWq1rzOutka.jpg",
      "release_date": "2022-09-15",
      "title": "Jeepers Creepers: Reborn",
      "vote_average": 5.8,
      "genres": [
        27,
        53,
        9648
      ],
      "actors": [
        1817397,
        2738561,
        3425159,
        3326872,
        1070855
      ],
      "director": 66212
    }
  },
  {
    "pk": 11107,
    "model": "movies.actor",
    "fields": {
      "name": "Ben Foster"
    }
  },
  {
    "pk": 103994,
    "model": "movies.actor",
    "fields": {
      "name": "Sophie Lowe"
    }
  },
  {
    "pk": 3895,
    "model": "movies.actor",
    "fields": {
      "name": "Michael Caine"
    }
  },
  {
    "pk": 1844,
    "model": "movies.actor",
    "fields": {
      "name": "Til Schweiger"
    }
  },
  {
    "pk": 1247,
    "model": "movies.actor",
    "fields": {
      "name": "Matthew Goode"
    }
  },
  {
    "pk": 53348,
    "model": "movies.director",
    "fields": {
      "name": "Petr Jákl"
    }
  },
  {
    "pk": 551271,
    "model": "movies.movie",
    "fields": {
      "popularity": 1212.966,
      "overview": "",
      "poster_path": "https://image.tmdb.org/t/p/original/4njdAkiBdC5LnFApeXSkFQ78GdT.jpg",
      "release_date": "2022-09-08",
      "title": "미디벌",
      "vote_average": 7.2,
      "genres": [
        36,
        28,
        18
      ],
      "actors": [
        11107,
        103994,
        3895,
        1844,
        1247
      ],
      "director": 53348
    }
  },
  {
    "pk": 1094091,
    "model": "movies.actor",
    "fields": {
      "name": "Maika Monroe"
    }
  },
  {
    "pk": 1327613,
    "model": "movies.actor",
    "fields": {
      "name": "Karl Glusman"
    }
  },
  {
    "pk": 39659,
    "model": "movies.actor",
    "fields": {
      "name": "Burn Gorman"
    }
  },
  {
    "pk": 2259660,
    "model": "movies.actor",
    "fields": {
      "name": "Madalina Anea"
    }
  },
  {
    "pk": 3395098,
    "model": "movies.actor",
    "fields": {
      "name": "Daniel Nuta"
    }
  },
  {
    "pk": 1451203,
    "model": "movies.director",
    "fields": {
      "name": "Chloe Okuno"
    }
  },
  {
    "pk": 807356,
    "model": "movies.movie",
    "fields": {
      "popularity": 951.656,
      "overview": "한 젊은 미국 여성이 남편과 함께 루마니아의 부쿠레슈티로 이사한 뒤 길 건너편 아파트에서 자신을 지켜보는 낯선 사람이 연쇄 살인범일 수도 있다고 의심을 하기 시작하면서 여성에게 벌어지는 공포스러운 이야기를 담은 영화",
      "poster_path": "https://image.tmdb.org/t/p/original/6Hg1l0alQNdCbFSVodRyR78A84w.jpg",
      "release_date": "2022-06-03",
      "title": "왓쳐",
      "vote_average": 6.3,
      "genres": [
        9648,
        53,
        27
      ],
      "actors": [
        1094091,
        1327613,
        39659,
        2259660,
        3395098
      ],
      "director": 1451203
    }
  },
  {
    "pk": 1251069,
    "model": "movies.actor",
    "fields": {
      "name": "Nathalie Emmanuel"
    }
  },
  {
    "pk": 1729496,
    "model": "movies.actor",
    "fields": {
      "name": "Thomas Doherty"
    }
  },
  {
    "pk": 1142724,
    "model": "movies.actor",
    "fields": {
      "name": "Stephanie Corneliussen"
    }
  },
  {
    "pk": 1922337,
    "model": "movies.actor",
    "fields": {
      "name": "Alana Boden"
    }
  },
  {
    "pk": 1206337,
    "model": "movies.actor",
    "fields": {
      "name": "Hugh Skinner"
    }
  },
  {
    "pk": 1709460,
    "model": "movies.director",
    "fields": {
      "name": "Jessica M. Thompson"
    }
  },
  {
    "pk": 830788,
    "model": "movies.movie",
    "fields": {
      "popularity": 727.841,
      "overview": "가족이 없는 이비는 우연히 DNA 검사를 받기로 결정한 후, 그녀가  몰랐던 먼 친척이 있음을 발견한다. 새로운 친척의 초대를 받은 이비는 멋진 영국 시골 결혼식에 참석을 하게 된다. 대저택의 영주인 월터를 만나게 되면서 그녀가 몰랐던 자신의 끔찍한 배경과 가족의 과거에 대한 어둡고 뒤틀린 비밀을 알게 되는데...",
      "poster_path": "https://image.tmdb.org/t/p/original/jcTq6gIskCsHlKDvCKKouEfiU66.jpg",
      "release_date": "2022-08-24",
      "title": "디 인비테이션",
      "vote_average": 6.4,
      "genres": [
        27,
        53
      ],
      "actors": [
        1251069,
        1729496,
        1142724,
        1922337,
        1206337
      ],
      "director": 1709460
    }
  },
  {
    "pk": 500,
    "model": "movies.actor",
    "fields": {
      "name": "Tom Cruise"
    }
  },
  {
    "pk": 996701,
    "model": "movies.actor",
    "fields": {
      "name": "Miles Teller"
    }
  },
  {
    "pk": 6161,
    "model": "movies.actor",
    "fields": {
      "name": "Jennifer Connelly"
    }
  },
  {
    "pk": 65717,
    "model": "movies.actor",
    "fields": {
      "name": "Jon Hamm"
    }
  },
  {
    "pk": 83271,
    "model": "movies.actor",
    "fields": {
      "name": "Glen Powell"
    }
  },
  {
    "pk": 86270,
    "model": "movies.director",
    "fields": {
      "name": "Joseph Kosinski"
    }
  },
  {
    "pk": 361743,
    "model": "movies.movie",
    "fields": {
      "popularity": 725.765,
      "overview": "최고의 파일럿이자 전설적인 인물 매버릭은 자신이 졸업한 훈련학교 교관으로 발탁된다. 그의 명성을 모르던 팀원들은 매버릭의 지시를 무시하지만 실전을 방불케 하는 상공 훈련에서 눈으로 봐도 믿기 힘든 전설적인 조종 실력에 모두가 압도된다. 매버릭의 지휘 아래 견고한 팀워크를 쌓아가던 팀원들에게 국경을 뛰어넘는 위험한 임무가 주어지자 매버릭은 자신이 가르친 동료들과 함께 마지막이 될지 모를 하늘 위 비행에 나서는데...",
      "poster_path": "https://image.tmdb.org/t/p/original/jeqXUwNilvNqNXqAHsdwm5pEfae.jpg",
      "release_date": "2022-05-24",
      "title": "탑건: 매버릭",
      "vote_average": 8.3,
      "genres": [
        28,
        18
      ],
      "actors": [
        500,
        996701,
        6161,
        65717,
        83271
      ],
      "director": 86270
    }
  },
  {
    "pk": 1136406,
    "model": "movies.actor",
    "fields": {
      "name": "Tom Holland"
    }
  },
  {
    "pk": 505710,
    "model": "movies.actor",
    "fields": {
      "name": "Zendaya"
    }
  },
  {
    "pk": 71580,
    "model": "movies.actor",
    "fields": {
      "name": "Benedict Cumberbatch"
    }
  },
  {
    "pk": 1649152,
    "model": "movies.actor",
    "fields": {
      "name": "Jacob Batalon"
    }
  },
  {
    "pk": 15277,
    "model": "movies.actor",
    "fields": {
      "name": "Jon Favreau"
    }
  },
  {
    "pk": 1293994,
    "model": "movies.director",
    "fields": {
      "name": "Jon Watts"
    }
  },
  {
    "pk": 634649,
    "model": "movies.movie",
    "fields": {
      "popularity": 680.5,
      "overview": "미스테리오의 계략으로 세상에 정체가 탄로난 스파이더맨 피터 파커는 하루 아침에 평범한 일상을 잃게 된다. 문제를 해결하기 위해 닥터 스트레인지를 찾아가 도움을 청하지만 뜻하지 않게 멀티버스가 열리면서 각기 다른 차원의 불청객들이 나타난다. 닥터 옥토퍼스를 비롯해 스파이더맨에게 깊은 원한을 가진 숙적들의 강력한 공격에 피터 파커는 사상 최악의 위기를 맞게 되는데…",
      "poster_path": "https://image.tmdb.org/t/p/original/voddFVdjUoAtfoZZp2RUmuZILDI.jpg",
      "release_date": "2021-12-15",
      "title": "스파이더맨: 노 웨이 홈",
      "vote_average": 8,
      "genres": [
        28,
        12,
        878
      ],
      "actors": [
        1136406,
        505710,
        71580,
        1649152,
        15277
      ],
      "director": 1293994
    }
  },
  {
    "pk": 1260914,
    "model": "movies.actor",
    "fields": {
      "name": "Laura Galán"
    }
  },
  {
    "pk": 1510952,
    "model": "movies.actor",
    "fields": {
      "name": "Adrian Grösser"
    }
  },
  {
    "pk": 102222,
    "model": "movies.actor",
    "fields": {
      "name": "Carmen Machi"
    }
  },
  {
    "pk": 1609925,
    "model": "movies.actor",
    "fields": {
      "name": "Julián Valcárcel"
    }
  },
  {
    "pk": 2013136,
    "model": "movies.actor",
    "fields": {
      "name": "José Pastor"
    }
  },
  {
    "pk": 1987284,
    "model": "movies.director",
    "fields": {
      "name": "Carlota Pereda"
    }
  },
  {
    "pk": 848058,
    "model": "movies.movie",
    "fields": {
      "popularity": 597.179,
      "overview": "스페인 남부의 여름. 사라는 냉담한 가족들이 경영하는 정육점에 박혀 다른 누군가가 되는 것을 꿈꾼다. 설상가상 다른 여자아이들로부터 지속적인 괴롭힘을 당한다. 어느 날, 강에서 사라는 정체를 알 수 없는 낯선 사람이 사라를 괴롭혔던 아이들을 납치하는 것을 목격한다. 사라가 소리를 질러야 할까?",
      "poster_path": "https://image.tmdb.org/t/p/original/kmCjZjm4CHuuJdwUdn3h93WqDdR.jpg",
      "release_date": "2022-10-07",
      "title": "피기",
      "vote_average": 6.7,
      "genres": [
        18,
        53,
        27
      ],
      "actors": [
        1260914,
        1510952,
        102222,
        1609925,
        2013136
      ],
      "director": 1987284
    }
  },
  {
    "pk": 203473,
    "model": "movies.actor",
    "fields": {
      "name": "Kaori Nazuka"
    }
  },
  {
    "pk": 3659896,
    "model": "movies.actor",
    "fields": {
      "name": "Ado"
    }
  },
  {
    "pk": 90561,
    "model": "movies.actor",
    "fields": {
      "name": "Shuichi Ikeda"
    }
  },
  {
    "pk": 65510,
    "model": "movies.actor",
    "fields": {
      "name": "Mayumi Tanaka"
    }
  },
  {
    "pk": 84507,
    "model": "movies.actor",
    "fields": {
      "name": "Kazuya Nakai"
    }
  },
  {
    "pk": 90502,
    "model": "movies.director",
    "fields": {
      "name": "Goro Taniguchi"
    }
  },
  {
    "pk": 900667,
    "model": "movies.movie",
    "fields": {
      "popularity": 577.555,
      "overview": "오직 목소리 하나로 전 세계를 사로잡은 디바 ‘우타’.  그녀가 모습을 드러내는 첫 라이브 콘서트가 음악의 섬 ‘엘레지아’에서 열리고  ‘루피’가 이끄는 밀짚모자 해적단과 함께 수많은 ‘우타’ 팬들로 공연장은 가득 찬다.  그리고 이 콘서트를 둘러싼 해적들과 해군들의 수상한 움직임이 시작되는데…  드디어 전세계가 애타게 기다리던 ‘우타’의 등장과 함께 노래가 울려 퍼지고,  그녀가 ‘샹크스의 딸’이라는 충격적인 사실이 드러난다.  ‘루피’, ‘우타’, ‘샹크스’, 세 사람의 과거가 그녀의 노랫소리와 함께 밝혀진다! 여기에서",
      "poster_path": "https://image.tmdb.org/t/p/original/q9Ul66mQDGpAvqUrTZdSMSzym5w.jpg",
      "release_date": "2022-08-06",
      "title": "원피스 필름 레드",
      "vote_average": 7.4,
      "genres": [
        16,
        12,
        28,
        14
      ],
      "actors": [
        203473,
        3659896,
        90561,
        65510,
        84507
      ],
      "director": 90502
    }
  },
  {
    "pk": 8944,
    "model": "movies.actor",
    "fields": {
      "name": "Jamie Lee Curtis"
    }
  },
  {
    "pk": 1511997,
    "model": "movies.actor",
    "fields": {
      "name": "Andi Matichak"
    }
  },
  {
    "pk": 1196041,
    "model": "movies.actor",
    "fields": {
      "name": "Rohan Campbell"
    }
  },
  {
    "pk": 883,
    "model": "movies.actor",
    "fields": {
      "name": "Will Patton"
    }
  },
  {
    "pk": 1267684,
    "model": "movies.actor",
    "fields": {
      "name": "James Jude Courtney"
    }
  },
  {
    "pk": 64141,
    "model": "movies.director",
    "fields": {
      "name": "David Gordon Green"
    }
  },
  {
    "pk": 616820,
    "model": "movies.movie",
    "fields": {
      "popularity": 422.409,
      "overview": "4년 전 또 한번 할로윈의 악몽을 겪은 뒤 조용한 일상을 보내고 있는 ‘로리 스트로드’와 손녀 ‘앨리슨’.  어느 날 ‘앨리슨’은 베이비시터 살인자로 낙인 찍힌 ‘코리’와 만나게 되고 이 둘은 급격히 가까워진다.  하지만 ‘코리’에게서 ‘마이클 마이어스’와 같은 어두운 면모를 발견한 ‘로리 스트로드’는  그에게 ‘앨리슨’과 멀어지라고 경고한다.  이후 해든필드에 끔찍한 살인 사건이 벌어지면서 ‘마이클 마이어스’가 돌아왔다는 소문이 퍼지기 시작하고  ‘로리 스트로드’는 이제 그와의 악연을 끊어내려 하는데…",
      "poster_path": "https://image.tmdb.org/t/p/original/1ScxCajFdgMNWBn9BuFlB4sMTAJ.jpg",
      "release_date": "2022-10-12",
      "title": "할로윈 엔드",
      "vote_average": 6.5,
      "genres": [
        27,
        53
      ],
      "actors": [
        8944,
        1511997,
        1196041,
        883,
        1267684
      ],
      "director": 64141
    }
  },
  {
    "pk": 28,
    "model": "movies.review",
    "fields": {
      "title": "1번",
      "content": "1번 내용",
      "movie": "49046",
      "reviewed_user": 1
    }
  },
  {
    "pk": 1,
    "model": "movies.review",
    "fields": {
      "title": "2번",
      "content": "2번 내용",
      "movie": "49046",
      "reviewed_user": 1
    }
  },
  {
    "pk": 2,
    "model": "movies.review",
    "fields": {
      "title": "2번",
      "content": "2번 내용",
      "movie": "49046",
      "reviewed_user": 2
    }
  }
]