[
  {
    "pk": 28,
    "model": "movies.genre",
    "fields": {
      "name": "액션"
    }
  },
  {
    "pk": 12,
    "model": "movies.genre",
    "fields": {
      "name": "모험"
    }
  },
  {
    "pk": 16,
    "model": "movies.genre",
    "fields": {
      "name": "애니메이션"
    }
  },
  {
    "pk": 35,
    "model": "movies.genre",
    "fields": {
      "name": "코미디"
    }
  },
  {
    "pk": 80,
    "model": "movies.genre",
    "fields": {
      "name": "범죄"
    }
  },
  {
    "pk": 99,
    "model": "movies.genre",
    "fields": {
      "name": "다큐멘터리"
    }
  },
  {
    "pk": 18,
    "model": "movies.genre",
    "fields": {
      "name": "드라마"
    }
  },
  {
    "pk": 10751,
    "model": "movies.genre",
    "fields": {
      "name": "가족"
    }
  },
  {
    "pk": 14,
    "model": "movies.genre",
    "fields": {
      "name": "판타지"
    }
  },
  {
    "pk": 36,
    "model": "movies.genre",
    "fields": {
      "name": "역사"
    }
  },
  {
    "pk": 27,
    "model": "movies.genre",
    "fields": {
      "name": "공포"
    }
  },
  {
    "pk": 10402,
    "model": "movies.genre",
    "fields": {
      "name": "음악"
    }
  },
  {
    "pk": 9648,
    "model": "movies.genre",
    "fields": {
      "name": "미스터리"
    }
  },
  {
    "pk": 10749,
    "model": "movies.genre",
    "fields": {
      "name": "로맨스"
    }
  },
  {
    "pk": 878,
    "model": "movies.genre",
    "fields": {
      "name": "SF"
    }
  },
  {
    "pk": 10770,
    "model": "movies.genre",
    "fields": {
      "name": "TV 영화"
    }
  },
  {
    "pk": 53,
    "model": "movies.genre",
    "fields": {
      "name": "스릴러"
    }
  },
  {
    "pk": 10752,
    "model": "movies.genre",
    "fields": {
      "name": "전쟁"
    }
  },
  {
    "pk": 37,
    "model": "movies.genre",
    "fields": {
      "name": "서부"
    }
  },
  {
    "pk": 18918,
    "model": "movies.actor",
    "fields": {
      "name": "Dwayne Johnson"
    }
  },
  {
    "pk": 83860,
    "model": "movies.actor",
    "fields": {
      "name": "Aldis Hodge"
    }
  },
  {
    "pk": 1253353,
    "model": "movies.actor",
    "fields": {
      "name": "Noah Centineo"
    }
  },
  {
    "pk": 164945,
    "model": "movies.actor",
    "fields": {
      "name": "Sarah Shahi"
    }
  },
  {
    "pk": 2042690,
    "model": "movies.actor",
    "fields": {
      "name": "Quintessa Swindell"
    }
  },
  {
    "pk": 59521,
    "model": "movies.director",
    "fields": {
      "name": "Jaume Collet-Serra"
    }
  },
  {
    "pk": 436270,
    "model": "movies.movie",
    "fields": {
      "popularity": 22201.949,
      "original_title": "Black Adam",
      "overview": "기원전 가장 번성하고 위대한 고대 국가였지만 현재는 국제 군사 조직 인터갱의 독재 국가로 전락한 칸다크. 인터갱의 눈을 피해 고대 유물을 찾던 '아드리아나'는 우연히 5000년 동안 잠들어 있던 '블랙 아담'을 깨우게 된다.  엄청난 괴력과 스피드, 방탄 능력과 자유자재의 고공비행, 번개를 쏘는 능력까지. 온몸이 무기인 '블랙 아담'은 자신의 앞을 막아서는 인터갱들을 모조리 쓸어버리고 칸다크 국민들은 이에 열광한다. 한편, 그의 폭주를 막기 위해 호크맨, 닥터 페이트, 아톰 스매셔, 사이클론으로 구성된 히어로 군단 '저스티스 소사이어티'가 칸다크에 나타나는데...",
      "poster_path": "https://image.tmdb.org/t/p/original/mEdMHGy1FfCUc7PskFO0tibm8jp.jpg",
      "release_date": "2022-10-19",
      "title": "블랙 아담",
      "vote_average": 6.9,
      "genres": [
        28,
        14,
        878
      ],
      "certification": "PG-13",
      "actors": [
        18918,
        83860,
        1253353,
        164945,
        2042690
      ],
      "director": 59521
    }
  },
  {
    "pk": 1396124,
    "model": "movies.actor",
    "fields": {
      "name": "Sosie Bacon"
    }
  },
  {
    "pk": 59219,
    "model": "movies.actor",
    "fields": {
      "name": "Kyle Gallner"
    }
  },
  {
    "pk": 145245,
    "model": "movies.actor",
    "fields": {
      "name": "Caitlin Stasey"
    }
  },
  {
    "pk": 198847,
    "model": "movies.actor",
    "fields": {
      "name": "Jessie T. Usher"
    }
  },
  {
    "pk": 53493,
    "model": "movies.actor",
    "fields": {
      "name": "Kal Penn"
    }
  },
  {
    "pk": 2218465,
    "model": "movies.director",
    "fields": {
      "name": "Parker Finn"
    }
  },
  {
    "pk": 882598,
    "model": "movies.movie",
    "fields": {
      "popularity": 2837.283,
      "original_title": "Smile",
      "overview": "기괴한 미소를 지으며 자신의 눈 앞에서 목숨을 끊는 환자를 목격한 정신과 의사 ‘로즈’. 그날 이후로 ‘로즈’의 일상에 설명할 수 없는 끔찍한 일들이 잇따라 발생한다. 일상을 덮친 공포에 발버둥치던 ‘로즈’는 이전에도 자신과 같은 일을 겪은 사람들이 있었고 그들 모두 끔찍한 죽음을 피할 수 없었다는 사실을 알게 된다. 시시각각 다가오는 죽음에서 벗어나기 위해 사투를 벌이던 로즈는 잊고 싶던 과거와 마주하게 되는데…",
      "poster_path": "https://image.tmdb.org/t/p/original/8ncuVFt4e0M2NTTsoPtbxfWN5dO.jpg",
      "release_date": "2022-09-23",
      "title": "스마일",
      "vote_average": 6.8,
      "genres": [
        27,
        9648,
        53
      ],
      "certification": "R",
      "actors": [
        1396124,
        59219,
        145245,
        198847,
        53493
      ],
      "director": 2218465
    }
  },
  {
    "pk": 1083010,
    "model": "movies.actor",
    "fields": {
      "name": "Letitia Wright"
    }
  },
  {
    "pk": 1267329,
    "model": "movies.actor",
    "fields": {
      "name": "Lupita Nyong'o"
    }
  },
  {
    "pk": 82104,
    "model": "movies.actor",
    "fields": {
      "name": "Danai Gurira"
    }
  },
  {
    "pk": 1447932,
    "model": "movies.actor",
    "fields": {
      "name": "Winston Duke"
    }
  },
  {
    "pk": 2133996,
    "model": "movies.actor",
    "fields": {
      "name": "Dominique Thorne"
    }
  },
  {
    "pk": 1056121,
    "model": "movies.director",
    "fields": {
      "name": "Ryan Coogler"
    }
  },
  {
    "pk": 505642,
    "model": "movies.movie",
    "fields": {
      "popularity": 3237.882,
      "original_title": "Black Panther: Wakanda Forever",
      "overview": "국왕이자 블랙 팬서인 티찰라의 죽음 이후 수많은 강대국으로부터 위협을 받게 된 와칸다. 라몬다, 슈리 그리고 나키아, 오코예, 음바쿠는 각자 사명감을 갖고 와칸다를 지키기 위해 외로운 싸움을 이어간다. 한편, 비브라늄의 패권을 둘러싼 미스터리한 음모와 함께 깊은 해저에서 모습을 드러낸 최강의 적 네이머와 탈로칸의 전사들은 와칸다를 향해 무차별 공격을 퍼붓기 시작하는데…",
      "poster_path": "https://image.tmdb.org/t/p/original/3PCRWLeqp5y20k6XVzcamZR3BWF.jpg",
      "release_date": "2022-11-09",
      "title": "블랙 팬서: 와칸다 포에버",
      "vote_average": 7.5,
      "genres": [
        28,
        12,
        878
      ],
      "certification": "PG-13",
      "actors": [
        1083010,
        1267329,
        82104,
        1447932,
        2133996
      ],
      "director": 1056121
    }
  },
  {
    "pk": 1882502,
    "model": "movies.actor",
    "fields": {
      "name": "Lauren LaVera"
    }
  },
  {
    "pk": 1880016,
    "model": "movies.actor",
    "fields": {
      "name": "David Howard Thornton"
    }
  },
  {
    "pk": 2787720,
    "model": "movies.actor",
    "fields": {
      "name": "Elliott Fullam"
    }
  },
  {
    "pk": 3383606,
    "model": "movies.actor",
    "fields": {
      "name": "Sarah Voigt"
    }
  },
  {
    "pk": 3678959,
    "model": "movies.actor",
    "fields": {
      "name": "Kailey Hyman"
    }
  },
  {
    "pk": 933176,
    "model": "movies.director",
    "fields": {
      "name": "Damien Leone"
    }
  },
  {
    "pk": 52886,
    "model": "movies.actor",
    "fields": {
      "name": "Jeffrey Donovan"
    }
  },
  {
    "pk": 1146114,
    "model": "movies.actor",
    "fields": {
      "name": "Penelope Mitchell"
    }
  },
  {
    "pk": 3901,
    "model": "movies.actor",
    "fields": {
      "name": "Richard Brake"
    }
  },
  {
    "pk": 1180941,
    "model": "movies.actor",
    "fields": {
      "name": "Kerry Knuppe"
    }
  },
  {
    "pk": 1474019,
    "model": "movies.actor",
    "fields": {
      "name": "Jake Choi"
    }
  },
  {
    "pk": 1181315,
    "model": "movies.director",
    "fields": {
      "name": "Paul Leyden"
    }
  },
  {
    "pk": 11107,
    "model": "movies.actor",
    "fields": {
      "name": "Ben Foster"
    }
  },
  {
    "pk": 103994,
    "model": "movies.actor",
    "fields": {
      "name": "Sophie Lowe"
    }
  },
  {
    "pk": 3895,
    "model": "movies.actor",
    "fields": {
      "name": "Michael Caine"
    }
  },
  {
    "pk": 1844,
    "model": "movies.actor",
    "fields": {
      "name": "Til Schweiger"
    }
  },
  {
    "pk": 1247,
    "model": "movies.actor",
    "fields": {
      "name": "Matthew Goode"
    }
  },
  {
    "pk": 53348,
    "model": "movies.director",
    "fields": {
      "name": "Petr Jákl"
    }
  },
  {
    "pk": 1817397,
    "model": "movies.actor",
    "fields": {
      "name": "Sydney Craven"
    }
  },
  {
    "pk": 2738561,
    "model": "movies.actor",
    "fields": {
      "name": "Imran Adams"
    }
  },
  {
    "pk": 3425159,
    "model": "movies.actor",
    "fields": {
      "name": "Jarreau Benjamin"
    }
  },
  {
    "pk": 3326872,
    "model": "movies.actor",
    "fields": {
      "name": "Matt Barkley"
    }
  },
  {
    "pk": 1070855,
    "model": "movies.actor",
    "fields": {
      "name": "Peter Brooke"
    }
  },
  {
    "pk": 66212,
    "model": "movies.director",
    "fields": {
      "name": "Timo Vuorensola"
    }
  },
  {
    "pk": 119592,
    "model": "movies.actor",
    "fields": {
      "name": "Aubrey Plaza"
    }
  },
  {
    "pk": 51995,
    "model": "movies.actor",
    "fields": {
      "name": "Theo Rossi"
    }
  },
  {
    "pk": 25382,
    "model": "movies.actor",
    "fields": {
      "name": "Megalyn Echikunwoke"
    }
  },
  {
    "pk": 11150,
    "model": "movies.actor",
    "fields": {
      "name": "Gina Gershon"
    }
  },
  {
    "pk": 1807178,
    "model": "movies.actor",
    "fields": {
      "name": "Jonathan Avigdori"
    }
  },
  {
    "pk": 1099792,
    "model": "movies.director",
    "fields": {
      "name": "John Patton Ford"
    }
  },
  {
    "pk": 1356210,
    "model": "movies.actor",
    "fields": {
      "name": "Millie Bobby Brown"
    }
  },
  {
    "pk": 73968,
    "model": "movies.actor",
    "fields": {
      "name": "Henry Cavill"
    }
  },
  {
    "pk": 1558986,
    "model": "movies.actor",
    "fields": {
      "name": "Louis Partridge"
    }
  },
  {
    "pk": 1283,
    "model": "movies.actor",
    "fields": {
      "name": "Helena Bonham Carter"
    }
  },
  {
    "pk": 11207,
    "model": "movies.actor",
    "fields": {
      "name": "David Thewlis"
    }
  },
  {
    "pk": 173847,
    "model": "movies.director",
    "fields": {
      "name": "Harry Bradbeer"
    }
  },
  {
    "pk": 829280,
    "model": "movies.movie",
    "fields": {
      "popularity": 1836.272,
      "original_title": "Enola Holmes 2",
      "overview": "탐정이 된 후 첫 번째 사건을 수임한 에놀라. 하지만 실종된 소녀의 미스터리를 풀기 위해서는 친구들의 도움이 필요하다. 어쩌면 오빠 셜록의 도움까지도.",
      "poster_path": "https://image.tmdb.org/t/p/original/S6fDnntDjduIWuLW2GcqFasobD.jpg",
      "release_date": "2022-11-04",
      "title": "에놀라 홈즈 2",
      "vote_average": 7.7,
      "genres": [
        9648,
        12,
        80
      ],
      "certification": "PG-13",
      "actors": [
        1356210,
        73968,
        1558986,
        1283,
        11207
      ],
      "director": 173847
    }
  },
  {
    "pk": 1164823,
    "model": "movies.actor",
    "fields": {
      "name": "Óscar Barberán"
    }
  },
  {
    "pk": 1021607,
    "model": "movies.actor",
    "fields": {
      "name": "Luis Posada"
    }
  },
  {
    "pk": 114463,
    "model": "movies.actor",
    "fields": {
      "name": "Michelle Jenner"
    }
  },
  {
    "pk": 3641083,
    "model": "movies.actor",
    "fields": {
      "name": "Anuska Alborg"
    }
  },
  {
    "pk": 114460,
    "model": "movies.actor",
    "fields": {
      "name": "Alexandra Jiménez"
    }
  },
  {
    "pk": 1074721,
    "model": "movies.director",
    "fields": {
      "name": "Enrique Gato"
    }
  },
  {
    "pk": 8891,
    "model": "movies.actor",
    "fields": {
      "name": "John Travolta"
    }
  },
  {
    "pk": 62,
    "model": "movies.actor",
    "fields": {
      "name": "Bruce Willis"
    }
  },
  {
    "pk": 1224115,
    "model": "movies.actor",
    "fields": {
      "name": "Blake Jenner"
    }
  },
  {
    "pk": 3090866,
    "model": "movies.actor",
    "fields": {
      "name": "Praya Lundberg"
    }
  },
  {
    "pk": 10822,
    "model": "movies.actor",
    "fields": {
      "name": "Stephen Dorff"
    }
  },
  {
    "pk": 26713,
    "model": "movies.director",
    "fields": {
      "name": "Chuck Russell"
    }
  },
  {
    "pk": 2461,
    "model": "movies.actor",
    "fields": {
      "name": "Mel Gibson"
    }
  },
  {
    "pk": 6863,
    "model": "movies.actor",
    "fields": {
      "name": "Kevin Dillon"
    }
  },
  {
    "pk": 5528,
    "model": "movies.actor",
    "fields": {
      "name": "William Moseley"
    }
  },
  {
    "pk": 19197,
    "model": "movies.actor",
    "fields": {
      "name": "John Robinson"
    }
  },
  {
    "pk": 34627,
    "model": "movies.actor",
    "fields": {
      "name": "Nadia Farès"
    }
  },
  {
    "pk": 1564258,
    "model": "movies.director",
    "fields": {
      "name": "Romuald Boulanger"
    }
  },
  {
    "pk": 979924,
    "model": "movies.movie",
    "fields": {
      "popularity": 1726.511,
      "original_title": "On the Line",
      "overview": "진행자가 전화를 받는데, 이 전화에서 정체를 알 수 없는 사람이  쇼맨의 온 가족을 죽이겠다고 협박합니다. 사랑하는 사람들을 구하기 위해  라디오 진행자는 생존 게임을 해야 할 것이고  이길 수 있는 유일한 방법은 범인의 신원을 알아내는 것입니다.",
      "poster_path": "https://image.tmdb.org/t/p/original/jVmWI8PqoVTHCnrLYAcyrclzeY0.jpg",
      "release_date": "2022-10-31",
      "title": "온 더 라인",
      "vote_average": 6.5,
      "genres": [
        53
      ],
      "certification": "R",
      "actors": [
        2461,
        6863,
        5528,
        19197,
        34627
      ],
      "director": 1564258
    }
  },
  {
    "pk": 54633,
    "model": "movies.actor",
    "fields": {
      "name": "Grace Caroline Currey"
    }
  },
  {
    "pk": 1279279,
    "model": "movies.actor",
    "fields": {
      "name": "Virginia Gardner"
    }
  },
  {
    "pk": 47296,
    "model": "movies.actor",
    "fields": {
      "name": "Jeffrey Dean Morgan"
    }
  },
  {
    "pk": 2174509,
    "model": "movies.actor",
    "fields": {
      "name": "Mason Gooding"
    }
  },
  {
    "pk": 945542,
    "model": "movies.actor",
    "fields": {
      "name": "Jasper Cole"
    }
  },
  {
    "pk": 90812,
    "model": "movies.director",
    "fields": {
      "name": "Scott Mann"
    }
  },
  {
    "pk": 985939,
    "model": "movies.movie",
    "fields": {
      "popularity": 1519.421,
      "original_title": "Fall",
      "overview": "내려갈 길이 끊겨버린 600미터 TV 타워 위에서  두 명의 친구가 살아남기 위해 펼치는 사상 최초의 고공 서바이벌 여기에서",
      "poster_path": "https://image.tmdb.org/t/p/original/8huJowZK1t7MNLEKo3dgLAxmiLW.jpg",
      "release_date": "2022-08-11",
      "title": "폴: 600미터",
      "vote_average": 7.3,
      "genres": [
        53
      ],
      "certification": "PG-13",
      "actors": [
        54633,
        1279279,
        47296,
        2174509,
        945542
      ],
      "director": 90812
    }
  },
  {
    "pk": 3631223,
    "model": "movies.actor",
    "fields": {
      "name": "Felix Kammerer"
    }
  },
  {
    "pk": 1111158,
    "model": "movies.actor",
    "fields": {
      "name": "Albrecht Schuch"
    }
  },
  {
    "pk": 1820948,
    "model": "movies.actor",
    "fields": {
      "name": "Aaron Hilmer"
    }
  },
  {
    "pk": 212930,
    "model": "movies.actor",
    "fields": {
      "name": "Edin Hasanović"
    }
  },
  {
    "pk": 6086,
    "model": "movies.actor",
    "fields": {
      "name": "Devid Striesow"
    }
  },
  {
    "pk": 221522,
    "model": "movies.director",
    "fields": {
      "name": "Edward Berger"
    }
  },
  {
    "pk": 49046,
    "model": "movies.movie",
    "fields": {
      "popularity": 1074.146,
      "original_title": "Im Westen nichts Neues",
      "overview": "제1차 세계대전 당시 서부전선에서 싸운 독일군 청년의 강렬한 이야기.  젊은 사병과 전우들은 참호 속에서 사투를 벌이며,  처음 전쟁에 대해 느꼈던 환상과 도취감이  어떻게 절망과 공포로 변해가는지를 생생하게 체험한다.",
      "poster_path": "https://image.tmdb.org/t/p/original/qYrbTmCQ6C4tVt7exVXTOJy7VUc.jpg",
      "release_date": "2022-10-07",
      "title": "서부 전선 이상 없다",
      "vote_average": 7.8,
      "genres": [
        10752,
        18,
        28
      ],
      "certification": "R",
      "actors": [
        3631223,
        1111158,
        1820948,
        212930,
        6086
      ],
      "director": 221522
    }
  },
  {
    "pk": 77517,
    "model": "movies.actor",
    "fields": {
      "name": "Isabelle Fuhrman"
    }
  },
  {
    "pk": 12041,
    "model": "movies.actor",
    "fields": {
      "name": "Julia Stiles"
    }
  },
  {
    "pk": 58014,
    "model": "movies.actor",
    "fields": {
      "name": "Rossif Sutherland"
    }
  },
  {
    "pk": 2563029,
    "model": "movies.actor",
    "fields": {
      "name": "Matthew Finlan"
    }
  },
  {
    "pk": 60719,
    "model": "movies.actor",
    "fields": {
      "name": "Hiro Kanagawa"
    }
  },
  {
    "pk": 62768,
    "model": "movies.director",
    "fields": {
      "name": "William Brent Bell"
    }
  },
  {
    "pk": 760161,
    "model": "movies.movie",
    "fields": {
      "popularity": 850.145,
      "original_title": "Orphan: First Kill",
      "overview": "엄청난 비밀을 숨긴 사이코패스가 에스토니아의 정신병동을 탈출, 부유한 가족의 실종된 딸 ‘에스더’로 사칭해 미국에 온다. 재회의 기쁨도 잠시, 어딘지 낯선 딸의 정체를 눈치챈 엄마는 가족을 지키기 위해 에스더와 맞서는데...  누구도 상상 못한 충격적인 반전이 기다린다!",
      "poster_path": "https://image.tmdb.org/t/p/original/vKIhsEVEtLTwTkmLSDNi230Zr3Q.jpg",
      "release_date": "2022-07-27",
      "title": "오펀: 천사의 탄생",
      "vote_average": 6.8,
      "genres": [
        27,
        53
      ],
      "certification": "R",
      "actors": [
        77517,
        12041,
        58014,
        2563029,
        60719
      ],
      "director": 62768
    }
  },
  {
    "pk": 1066986,
    "model": "movies.actor",
    "fields": {
      "name": "Zlatan Ibrahimović"
    }
  },
  {
    "pk": 2087866,
    "model": "movies.actor",
    "fields": {
      "name": "Megan Rapinoe"
    }
  },
  {
    "pk": 71041,
    "model": "movies.actor",
    "fields": {
      "name": "'Weird Al' Yankovic"
    }
  },
  {
    "pk": 3792864,
    "model": "movies.actor",
    "fields": {
      "name": "Rob Stone"
    }
  },
  {
    "pk": 2563800,
    "model": "movies.actor",
    "fields": {
      "name": "Kieran Walton"
    }
  },
  {
    "pk": 1234311,
    "model": "movies.director",
    "fields": {
      "name": "Mitch Schauer"
    }
  },
  {
    "pk": 1037858,
    "model": "movies.movie",
    "fields": {
      "popularity": 1146.382,
      "original_title": "The Soccer Football Movie",
      "overview": "좋아하는 축구선수들의 재능이 사라졌다. 바로 사악한 과학자가 다 훔쳐갔기 때문! 축구를 사랑하는 네 아이들이 이 상황을 되돌릴 수 있을까?",
      "poster_path": "https://image.tmdb.org/t/p/original/sWoYDNPNZs5MtzPbirXV73tIHrA.jpg",
      "release_date": "2022-11-09",
      "title": "미션 축구: 돌연변이를 무찔러라!",
      "vote_average": 6.9,
      "genres": [
        16,
        35,
        10751
      ],
      "certification": "PG",
      "actors": [
        1066986,
        2087866,
        71041,
        3792864,
        2563800
      ],
      "director": 1234311
    }
  },
  {
    "pk": 1094091,
    "model": "movies.actor",
    "fields": {
      "name": "Maika Monroe"
    }
  },
  {
    "pk": 1327613,
    "model": "movies.actor",
    "fields": {
      "name": "Karl Glusman"
    }
  },
  {
    "pk": 39659,
    "model": "movies.actor",
    "fields": {
      "name": "Burn Gorman"
    }
  },
  {
    "pk": 2259660,
    "model": "movies.actor",
    "fields": {
      "name": "Madalina Anea"
    }
  },
  {
    "pk": 3395098,
    "model": "movies.actor",
    "fields": {
      "name": "Daniel Nuta"
    }
  },
  {
    "pk": 1451203,
    "model": "movies.director",
    "fields": {
      "name": "Chloe Okuno"
    }
  },
  {
    "pk": 807356,
    "model": "movies.movie",
    "fields": {
      "popularity": 770.633,
      "original_title": "Watcher",
      "overview": "한 젊은 미국 여성이 남편과 함께 루마니아의 부쿠레슈티로 이사한 뒤 길 건너편 아파트에서 자신을 지켜보는 낯선 사람이 연쇄 살인범일 수도 있다고 의심을 하기 시작하면서 여성에게 벌어지는 공포스러운 이야기를 담은 영화",
      "poster_path": "https://image.tmdb.org/t/p/original/dXCjoI3jdtBrwPHgVsyNLkl8Rvs.jpg",
      "release_date": "2022-06-03",
      "title": "왓쳐",
      "vote_average": 6.3,
      "genres": [
        9648,
        53,
        27
      ],
      "certification": "R",
      "actors": [
        1094091,
        1327613,
        39659,
        2259660,
        3395098
      ],
      "director": 1451203
    }
  },
  {
    "pk": 1251069,
    "model": "movies.actor",
    "fields": {
      "name": "Nathalie Emmanuel"
    }
  },
  {
    "pk": 1729496,
    "model": "movies.actor",
    "fields": {
      "name": "Thomas Doherty"
    }
  },
  {
    "pk": 1142724,
    "model": "movies.actor",
    "fields": {
      "name": "Stephanie Corneliussen"
    }
  },
  {
    "pk": 1922337,
    "model": "movies.actor",
    "fields": {
      "name": "Alana Boden"
    }
  },
  {
    "pk": 1206337,
    "model": "movies.actor",
    "fields": {
      "name": "Hugh Skinner"
    }
  },
  {
    "pk": 1709460,
    "model": "movies.director",
    "fields": {
      "name": "Jessica M. Thompson"
    }
  },
  {
    "pk": 830788,
    "model": "movies.movie",
    "fields": {
      "popularity": 672.061,
      "original_title": "The Invitation",
      "overview": "가족이 없는 이비는 우연히 DNA 검사를 받기로 결정한 후, 그녀가  몰랐던 먼 친척이 있음을 발견한다. 새로운 친척의 초대를 받은 이비는 멋진 영국 시골 결혼식에 참석을 하게 된다. 대저택의 영주인 월터를 만나게 되면서 그녀가 몰랐던 자신의 끔찍한 배경과 가족의 과거에 대한 어둡고 뒤틀린 비밀을 알게 되는데...",
      "poster_path": "https://image.tmdb.org/t/p/original/jcTq6gIskCsHlKDvCKKouEfiU66.jpg",
      "release_date": "2022-08-24",
      "title": "디 인비테이션",
      "vote_average": 6.4,
      "genres": [
        27,
        53
      ],
      "certification": "PG-13",
      "actors": [
        1251069,
        1729496,
        1142724,
        1922337,
        1206337
      ],
      "director": 1709460
    }
  },
  {
    "pk": 1136406,
    "model": "movies.actor",
    "fields": {
      "name": "Tom Holland"
    }
  },
  {
    "pk": 505710,
    "model": "movies.actor",
    "fields": {
      "name": "Zendaya"
    }
  },
  {
    "pk": 71580,
    "model": "movies.actor",
    "fields": {
      "name": "Benedict Cumberbatch"
    }
  },
  {
    "pk": 1649152,
    "model": "movies.actor",
    "fields": {
      "name": "Jacob Batalon"
    }
  },
  {
    "pk": 15277,
    "model": "movies.actor",
    "fields": {
      "name": "Jon Favreau"
    }
  },
  {
    "pk": 1293994,
    "model": "movies.director",
    "fields": {
      "name": "Jon Watts"
    }
  },
  {
    "pk": 634649,
    "model": "movies.movie",
    "fields": {
      "popularity": 672.396,
      "original_title": "Spider-Man: No Way Home",
      "overview": "미스테리오의 계략으로 세상에 정체가 탄로난 스파이더맨 피터 파커는 하루 아침에 평범한 일상을 잃게 된다. 문제를 해결하기 위해 닥터 스트레인지를 찾아가 도움을 청하지만 뜻하지 않게 멀티버스가 열리면서 각기 다른 차원의 불청객들이 나타난다. 닥터 옥토퍼스를 비롯해 스파이더맨에게 깊은 원한을 가진 숙적들의 강력한 공격에 피터 파커는 사상 최악의 위기를 맞게 되는데…",
      "poster_path": "https://image.tmdb.org/t/p/original/voddFVdjUoAtfoZZp2RUmuZILDI.jpg",
      "release_date": "2021-12-15",
      "title": "스파이더맨: 노 웨이 홈",
      "vote_average": 8,
      "genres": [
        28,
        12,
        878
      ],
      "certification": "PG-13",
      "actors": [
        1136406,
        505710,
        71580,
        1649152,
        15277
      ],
      "director": 1293994
    }
  },
  {
    "pk": 49265,
    "model": "movies.actor",
    "fields": {
      "name": "Lindsay Lohan"
    }
  },
  {
    "pk": 232501,
    "model": "movies.actor",
    "fields": {
      "name": "Chord Overstreet"
    }
  },
  {
    "pk": 1622199,
    "model": "movies.actor",
    "fields": {
      "name": "George Young"
    }
  },
  {
    "pk": 138887,
    "model": "movies.actor",
    "fields": {
      "name": "Jack Wagner"
    }
  },
  {
    "pk": 1978944,
    "model": "movies.actor",
    "fields": {
      "name": "Olivia Perez"
    }
  },
  {
    "pk": 62079,
    "model": "movies.director",
    "fields": {
      "name": "Janeen Damian"
    }
  },
  {
    "pk": 833097,
    "model": "movies.movie",
    "fields": {
      "popularity": 669.709,
      "original_title": "Falling for Christmas",
      "overview": "스키 여행 중 사고로 기억을 잃은 철없는 상속녀. 아내와 사별 후 힘든 상황에 놓인 남자와 딸의 포근한 보살핌 속에 크리스마스를 보낸다.",
      "poster_path": "https://image.tmdb.org/t/p/original/4x9qZaUrM1mDXcSKn3xNuB2dHNE.jpg",
      "release_date": "2022-11-10",
      "title": "폴링 포 크리스마스",
      "vote_average": 6.6,
      "genres": [
        10749,
        35
      ],
      "actors": [
        49265,
        232501,
        1622199,
        138887,
        1978944
      ],
      "director": 62079
    }
  }
]